{"cameraMode":{"drawMode":0,"name":"Shaded","section":"Shading Mode"},"sceneLighting":false,"audioPlay":false,"sceneViewState":{"showFog":true,"showMaterialUpdate":false,"showSkybox":false,"showFlares":true,"showImageEffects":true,"showParticleSystems":true,"showVisualEffectGraphs":true,"m_FxEnabled":true},"in2DMode":false,"pivot":{"x":0.15927904844284059,"y":0.33888354897499087,"z":-14.676204681396485},"rotation":{"x":0.03540074825286865,"y":0.9320407509803772,"z":-0.09483396261930466,"w":0.34794992208480837},"size":1.4746724367141724,"orthographic":false}