{"cameraMode":{"drawMode":0,"name":"Shaded","section":"Shading Mode"},"sceneLighting":true,"audioPlay":false,"sceneViewState":{"showFog":true,"showMaterialUpdate":false,"showSkybox":true,"showFlares":true,"showImageEffects":true,"showParticleSystems":true,"showVisualEffectGraphs":true,"m_FxEnabled":true},"in2DMode":false,"pivot":{"x":4.181000232696533,"y":1.1175174713134766,"z":3.88779354095459},"rotation":{"x":0.18659156560897828,"y":0.03535348176956177,"z":-0.0067275711335241798,"w":0.9818074703216553},"size":0.5778195261955261,"orthographic":false}