{"cameraMode":{"drawMode":0,"name":"Shaded","section":"Shading Mode"},"sceneLighting":true,"audioPlay":false,"sceneViewState":{"showFog":true,"showMaterialUpdate":false,"showSkybox":true,"showFlares":true,"showImageEffects":true,"showParticleSystems":true,"showVisualEffectGraphs":true,"m_FxEnabled":true},"in2DMode":false,"pivot":{"x":1.4820364713668824,"y":0.36137646436691286,"z":34.413909912109378},"rotation":{"x":0.21444354951381684,"y":-0.041017673909664157,"z":0.009002957493066788,"w":0.9758605360984802},"size":1.0231006145477296,"orthographic":false}