{"cameraMode":{"drawMode":0,"name":"Shaded","section":"Shading Mode"},"sceneLighting":true,"audioPlay":false,"sceneViewState":{"showFog":true,"showMaterialUpdate":false,"showSkybox":true,"showFlares":true,"showImageEffects":true,"showParticleSystems":true,"showVisualEffectGraphs":true,"m_FxEnabled":true},"in2DMode":false,"pivot":{"x":1.4705417156219483,"y":0.945793092250824,"z":34.222740173339847},"rotation":{"x":0.005292512010782957,"y":0.7345420718193054,"z":-0.005742907989770174,"w":0.6785592436790466},"size":1.2453639507293702,"orthographic":false}