{"cameraMode":{"drawMode":0,"name":"Shaded","section":"Shading Mode"},"sceneLighting":true,"audioPlay":false,"sceneViewState":{"showFog":true,"showMaterialUpdate":false,"showSkybox":true,"showFlares":true,"showImageEffects":true,"showParticleSystems":true,"showVisualEffectGraphs":true,"m_FxEnabled":true},"in2DMode":false,"pivot":{"x":3.0901522636413576,"y":17.361820220947267,"z":-42.40203094482422},"rotation":{"x":-0.05070144310593605,"y":0.03445637598633766,"z":-0.014484795741736889,"w":-0.9980308413505554},"size":18.499547958374025,"orthographic":false}