{"cameraMode":{"drawMode":0,"name":"Shaded","section":"Shading Mode"},"sceneLighting":true,"audioPlay":false,"sceneViewState":{"showFog":true,"showMaterialUpdate":false,"showSkybox":true,"showFlares":true,"showImageEffects":true,"showParticleSystems":true,"showVisualEffectGraphs":true,"m_FxEnabled":true},"in2DMode":false,"pivot":{"x":0.29100000858306887,"y":1.2890000343322755,"z":0.6150000095367432},"rotation":{"x":0.04810517653822899,"y":-0.7146814465522766,"z":0.049390364438295367,"w":0.6960534453392029},"size":13.022601127624512,"orthographic":false}