{"cameraMode":{"drawMode":0,"name":"Shaded","section":"Shading Mode"},"sceneLighting":true,"audioPlay":false,"sceneViewState":{"showFog":true,"showMaterialUpdate":false,"showSkybox":true,"showFlares":true,"showImageEffects":true,"showParticleSystems":true,"showVisualEffectGraphs":true,"m_FxEnabled":true},"in2DMode":false,"pivot":{"x":-0.018833458423614503,"y":1.4425342082977296,"z":0.01084013283252716},"rotation":{"x":-0.10094654560089112,"y":0.7706366181373596,"z":-0.12619079649448396,"w":-0.6164560317993164},"size":0.534457802772522,"orthographic":false}