{"cameraMode":{"drawMode":0,"name":"Shaded","section":"Shading Mode"},"sceneLighting":true,"audioPlay":false,"sceneViewState":{"showFog":true,"showMaterialUpdate":false,"showSkybox":true,"showFlares":true,"showImageEffects":true,"showParticleSystems":true,"showVisualEffectGraphs":true,"m_FxEnabled":true},"in2DMode":false,"pivot":{"x":-0.1600143313407898,"y":0.6142855286598206,"z":2.946204662322998},"rotation":{"x":0.11131701618432999,"y":-0.12871433794498444,"z":0.014541756361722947,"w":0.9853069186210632},"size":3.765043020248413,"orthographic":false}