{"cameraMode":{"drawMode":0,"name":"Shaded","section":"Shading Mode"},"sceneLighting":true,"audioPlay":false,"sceneViewState":{"showFog":true,"showMaterialUpdate":false,"showSkybox":true,"showFlares":true,"showImageEffects":true,"showParticleSystems":true,"showVisualEffectGraphs":true,"m_FxEnabled":true},"in2DMode":false,"pivot":{"x":-0.3802461624145508,"y":0.4478950500488281,"z":10.981204986572266},"rotation":{"x":0.2005828320980072,"y":-0.38905203342437746,"z":0.08720419555902481,"w":0.8948824405670166},"size":7.563438892364502,"orthographic":false}