{"cameraMode":{"drawMode":0,"name":"Shaded","section":"Shading Mode"},"sceneLighting":true,"audioPlay":false,"sceneViewState":{"showFog":true,"showMaterialUpdate":false,"showSkybox":true,"showFlares":true,"showImageEffects":true,"showParticleSystems":true,"showVisualEffectGraphs":true,"m_FxEnabled":true},"in2DMode":false,"pivot":{"x":-4.849984645843506,"y":-0.3025636672973633,"z":14.492559432983399},"rotation":{"x":-0.039706263691186908,"y":0.9440286159515381,"z":-0.30324143171310427,"w":-0.12361101061105728},"size":4.358899116516113,"orthographic":false}