{"cameraMode":{"drawMode":0,"name":"Shaded","section":"Shading Mode"},"sceneLighting":true,"audioPlay":false,"sceneViewState":{"showFog":true,"showMaterialUpdate":false,"showSkybox":true,"showFlares":true,"showImageEffects":true,"showParticleSystems":true,"showVisualEffectGraphs":true,"m_FxEnabled":true},"in2DMode":false,"pivot":{"x":-13.362083435058594,"y":3.6283140182495119,"z":9.582643508911133},"rotation":{"x":-0.00028294866206124425,"y":-0.9941731691360474,"z":-0.0026754189748317005,"w":0.10808246582746506},"size":0.7980682253837586,"orthographic":false}