{"cameraMode":{"drawMode":0,"name":"Shaded","section":"Shading Mode"},"sceneLighting":true,"audioPlay":false,"sceneViewState":{"showFog":true,"showMaterialUpdate":false,"showSkybox":true,"showFlares":true,"showImageEffects":true,"showParticleSystems":true,"showVisualEffectGraphs":true,"m_FxEnabled":true},"in2DMode":false,"pivot":{"x":-12.627470970153809,"y":2.3678317070007326,"z":10.80030345916748},"rotation":{"x":0.15477295219898225,"y":-0.10648584365844727,"z":0.016775786876678468,"w":0.9820861220359802},"size":2.5745556354522707,"orthographic":false}