{"cameraMode":{"drawMode":0,"name":"Shaded","section":"Shading Mode"},"sceneLighting":true,"audioPlay":false,"sceneViewState":{"showFog":true,"showMaterialUpdate":false,"showSkybox":true,"showFlares":true,"showImageEffects":true,"showParticleSystems":true,"showVisualEffectGraphs":true,"m_FxEnabled":true},"in2DMode":false,"pivot":{"x":6.679595947265625,"y":0.1564546823501587,"z":7.896778106689453},"rotation":{"x":0.0413842611014843,"y":-0.010491395369172097,"z":0.00043423936585895717,"w":0.9990893602371216},"size":0.9403074383735657,"orthographic":false}