{"cameraMode":{"drawMode":0,"name":"Shaded","section":"Shading Mode"},"sceneLighting":true,"audioPlay":false,"sceneViewState":{"showFog":true,"showMaterialUpdate":false,"showSkybox":true,"showFlares":true,"showImageEffects":true,"showParticleSystems":true,"showVisualEffectGraphs":true,"m_FxEnabled":true},"in2DMode":false,"pivot":{"x":-1.7295821905136109,"y":0.4820166826248169,"z":34.859169006347659},"rotation":{"x":0.2460104525089264,"y":-0.41588371992111208,"z":0.11793015152215958,"w":0.8675698637962341},"size":0.8660253882408142,"orthographic":false}