{"cameraMode":{"drawMode":0,"name":"Shaded","section":"Shading Mode"},"sceneLighting":false,"audioPlay":false,"sceneViewState":{"showFog":true,"showMaterialUpdate":false,"showSkybox":false,"showFlares":true,"showImageEffects":true,"showParticleSystems":true,"showVisualEffectGraphs":true,"m_FxEnabled":true},"in2DMode":false,"pivot":{"x":-0.0007352828979492188,"y":0.953169047832489,"z":-11.729999542236329},"rotation":{"x":0.03540074825286865,"y":0.9320407509803772,"z":-0.09483396261930466,"w":0.34794992208480837},"size":1.4746724367141724,"orthographic":false}