{"cameraMode":{"drawMode":0,"name":"Shaded","section":"Shading Mode"},"sceneLighting":false,"audioPlay":false,"sceneViewState":{"showFog":true,"showMaterialUpdate":false,"showSkybox":false,"showFlares":true,"showImageEffects":true,"showParticleSystems":true,"showVisualEffectGraphs":true,"m_FxEnabled":true},"in2DMode":false,"pivot":{"x":-3.628995656967163,"y":2.0374999046325685,"z":-0.9619723558425903},"rotation":{"x":-0.12578946352005006,"y":0.05445089936256409,"z":-0.006899338215589523,"w":-0.9905700087547302},"size":2.9604947566986086,"orthographic":false}