{"cameraMode":{"drawMode":0,"name":"Shaded","section":"Shading Mode"},"sceneLighting":false,"audioPlay":false,"sceneViewState":{"showFog":true,"showMaterialUpdate":false,"showSkybox":false,"showFlares":true,"showImageEffects":true,"showParticleSystems":true,"showVisualEffectGraphs":true,"m_FxEnabled":true},"in2DMode":false,"pivot":{"x":0.14499998092651368,"y":0.6349999904632568,"z":0.6449999809265137},"rotation":{"x":-0.06570294499397278,"y":-0.12925255298614503,"z":0.00858339387923479,"w":-0.9893969893455505},"size":1.736454725265503,"orthographic":false}