{"cameraMode":{"drawMode":0,"name":"Shaded","section":"Shading Mode"},"sceneLighting":false,"audioPlay":false,"sceneViewState":{"showFog":true,"showMaterialUpdate":false,"showSkybox":false,"showFlares":true,"showImageEffects":true,"showParticleSystems":true,"showVisualEffectGraphs":true,"m_FxEnabled":true},"in2DMode":false,"pivot":{"x":0.3599855899810791,"y":1.4520913362503052,"z":1.8542490005493165},"rotation":{"x":0.04080745205283165,"y":-0.9590898752212524,"z":0.20592540502548219,"w":0.19001704454421998},"size":0.058609962463378909,"orthographic":false}